country,year,gdp,pop,unemp
AD,2005,3.84225553255173,0.081223,NA
AD,2006,4.01843488250965,0.083373,NA
AD,2007,4.02157084409338,0.084878,NA
AD,2008,3.67594675020161,0.085616,NA
AE,2005,253.96554687726402,4.481976,3.09999990463257
AE,2006,278.948949835963,5.171255,3.29999995231628
AE,2007,287.831772785526,6.0101,3.40000009536743
AE,2008,297.01889170759495,6.900142,4
AF,2005,9.762978844076331,24.399948,8.5
AF,2006,10.3052281251392,25.183615,8.80000019073486
AF,2007,11.721187594205201,25.877544,8.39999961853027
AF,2008,12.14448285818,26.528741,8.89999961853027
AG,2005,1.11902854862809,0.082565,NA
AG,2006,1.26871428547719,0.083467,NA
AG,2007,1.3892287510664698,0.084397,NA
AG,2008,1.39021664580882,0.08535,NA
AL,2005,9.268392517277041,3.011487,12.5
AL,2006,9.77176009512554,2.992547,12.3999996185303
AL,2007,10.3482939415853,2.970017,13.5
AL,2008,11.1275204742981,2.947314,13
AM,2005,7.66775568151717,3.014917,27.7999992370605
AM,2006,8.67974634592191,3.002161,28.6000003814697
AM,2007,9.873142200518789,2.988117,28.3999996185303
AM,2008,10.5543890125207,2.975029,16.3999996185303
AO,2005,46.2260076914898,17.912942,6.80000019073486
AO,2006,55.811028114647904,18.541467,6.80000019073486
AO,2007,68.42044400149949,19.183907,6.69999980926514
AO,2008,77.8741965121845,19.842251,6.80000019073486
AR,2005,334.62672102622497,39.145491,10.6000003814697
AR,2006,361.873822181339,39.55875,10.1000003814697
AR,2007,394.49944172738395,39.969903,8.5
AR,2008,410.649702491575,40.38186,7.80000019073486
AS,2005,NA,0.059117,NA
AS,2006,NA,0.058648,NA
AS,2007,NA,0.057904,NA
AS,2008,NA,0.057031,NA
AT,2005,365.947337748344,8.227829,5.19999980926514
AT,2006,378.20961589404,8.268641,4.69999980926514
AT,2007,391.906516556291,8.295487,4.40000009536743
AT,2008,397.970344370861,8.321496,3.79999995231628
AU,2005,992.339076659351,20.3948,5
AU,2006,1021.9392641066701,20.6979,4.80000019073486
AU,2007,1060.3402452335501,20.8276,4.40000009536743
AU,2008,1099.64387186603,21.2492,4.19999980926514
AW,2005,NA,0.100031,NA
AW,2006,NA,0.10083,NA
AW,2007,NA,0.101218,NA
AW,2008,NA,0.101342,NA
AZ,2005,24.7512817159126,8.39185,7.30000019073486
AZ,2006,33.2904737866938,8.48455,6.59999990463257
AZ,2007,41.6294044067868,8.5813,6.30000019073486
AZ,2008,46.1138990187892,8.7634,5.90000009536743
BA,2005,14.921121281140499,3.833377,26
BA,2006,15.7236503010536,3.838504,31.7999992370605
BA,2007,16.6244200297942,3.840418,29.7000007629395
BA,2008,17.5356889219935,3.839749,23.8999996185303
BB,2005,4.281126975222731,0.274013,9.10000038146973
BB,2006,4.52380654919438,0.27504,8.69999980926514
BB,2007,4.60361936400642,0.276154,7.40000009536743
BB,2008,4.6218507176436905,0.277315,8.10000038146973
BD,2005,85.86035647770261,142.929979,4.30000019073486
BD,2006,91.5888463538372,144.839238,4.19999980926514
BD,2007,98.0537698232911,146.592687,4.30000019073486
BD,2008,103.95051739146601,148.252473,4.40000009536743
BE,2005,451.326797350993,10.478617,8.39999961853027
BE,2006,462.606953112583,10.547958,8.19999980926514
BE,2007,478.324234304636,10.6257,7.5
BE,2008,481.898172317881,10.709973,7
BF,2005,6.87822145676875,13.421929,2.70000004768372
BF,2006,7.308327553744641,13.834195,2.29999995231628
BF,2007,7.60880079140298,14.264002,3.29999995231628
BF,2008,8.05011162269787,14.709011,3.29999995231628
BG,2005,43.4880102182093,7.7399,10.1000003814697
BG,2006,46.4248137853817,7.69902,8.89999961853027
BG,2007,49.988081046808404,7.545338,6.90000009536743
BG,2008,52.81091066565261,7.492561,5.59999990463257
BH,2005,19.620444333846198,0.867014,4.40000009536743
BH,2006,20.889606053042097,0.940808,4.09999990463257
BH,2007,22.621864899630403,1.026568,5.59999990463257
BH,2008,24.034629395827,1.115777,3.70000004768372
BI,2005,1.62708510705727,7.934213,7.30000019073486
BI,2006,1.71469806564965,8.21807,7.19999980926514
BI,2007,1.79676063353677,8.514578,7.19999980926514
BI,2008,1.88746324456885,8.821795,7.19999980926514
BJ,2005,5.77274479573959,8.182362,1.29999995231628
BJ,2006,6.00059582641589,8.443717,1.10000002384186
BJ,2007,6.35982242697484,8.707637,1.10000002384186
BJ,2008,6.6710335908254095,8.973525,1.10000002384186
BM,2005,5.620941625466799,0.064154,NA
BM,2006,5.932559093079179,0.064523,NA
BM,2007,6.10139320583452,0.064888,NA
BM,2008,6.1946160210281604,0.065273,NA
BN,2005,13.264408405291201,0.361889,3.40000009536743
BN,2006,13.8477399677348,0.36815,3.29999995231628
BN,2007,13.8691460063888,0.374459,3.29999995231628
BN,2008,13.6001241692509,0.380786,3.29999995231628
BO,2005,15.6965021035842,9.125405,5.40000009536743
BO,2006,16.4494646944835,9.283345,5.30000019073486
BO,2007,17.2002651317348,9.441482,5.19999980926514
BO,2008,18.2579451570139,9.599916,2.90000009536743
BR,2005,1774.78910594317,188.47924,9.30000019073486
BR,2006,1845.0796645246298,190.698241,8.39999961853027
BR,2007,1957.11813605633,192.784521,8.10000038146973
BR,2008,2056.80917405293,194.769696,7.09999990463257
BS,2005,8.00245449568156,0.329243,10.1999998092651
BS,2006,8.203865379276941,0.335801,7.59999990463257
BS,2007,8.32253611450224,0.342259,7.90000009536743
BS,2008,8.12912559776819,0.348587,8.69999980926514
BT,2005,1.00782315938045,0.651163,3.09999990463257
BT,2006,1.0768526555134899,0.66692,3.09999990463257
BT,2007,1.26988737745454,0.681471,3.70000004768372
BT,2008,1.33044010587773,0.69499,3.79999995231628
BW,2005,10.2309617441341,1.864003,22
BW,2006,11.0866661935278,1.895671,17.6000003814697
BW,2007,12.0042833629508,1.930431,18.5
BW,2008,12.754003371309901,1.967866,21.8999996185303
BY,2005,38.8554363392774,9.663,6.40000009536743
BY,2006,42.7409799732051,9.604,6.40000009536743
BY,2007,46.41670425096,9.56,6.30000019073486
BY,2008,51.1512080846036,9.528,6.19999980926514
BZ,2005,1.23010687394271,0.283279,11
BZ,2006,1.28647726315678,0.290751,9.39999961853027
BZ,2007,1.30068397055992,0.298403,8.5
BZ,2008,1.34267648722142,0.306165,8.19999980926514
CA,2005,1524.47556882159,32.312,6.69999980926514
CA,2006,1564.46885332945,32.570505,6.30000019073486
CA,2007,1596.73989846632,32.887928,6
CA,2008,1612.71306125024,33.245773,6.09999990463257
CD,2005,15.674886408150298,56.089536,8.19999980926514
CD,2006,16.5089441447183,57.92684,8.19999980926514
CD,2007,17.5423165255473,59.834875,8.19999980926514
CD,2008,18.6344836603004,61.809278,8.19999980926514
CF,2005,1.69415550607145,4.055608,7
CF,2006,1.77498511259064,4.127112,6.90000009536743
CF,2007,1.8567681703157999,4.202104,6.90000009536743
CF,2008,1.8949086201949001,4.280405,7
CG,2005,9.30792084519521,3.503086,6.59999990463257
CG,2006,9.88836251104569,3.604595,6.59999990463257
CG,2007,9.73190658975001,3.715665,6.59999990463257
CG,2008,10.2741941339768,3.832771,6.59999990463257
CH,2005,520.661983411641,7.437115,4.40000009536743
CH,2006,541.555032026081,7.483934,4
CH,2007,563.977296960399,7.551117,3.59999990463257
CH,2008,576.8204140377791,7.647675,3.40000009536743
CI,2005,22.3007670391796,18.132702,4.09999990463257
CI,2006,22.6388115133749,18.486392,4.09999990463257
CI,2007,23.0383948639785,18.862172,4.09999990463257
CI,2008,23.6242247240402,19.261647,4.09999990463257
CL,2005,183.282478637988,16.096571,8
CL,2006,191.356021768125,16.279728,7.69999980926514
CL,2007,201.231572326427,16.462701,7.09999990463257
CL,2008,207.85703108439,16.64594,7.80000019073486
CM,2005,20.464660330807302,18.126999,4.40000009536743
CM,2006,21.1244415906486,18.597109,4.09999990463257
CM,2007,21.812182534856603,19.0781,4.09999990463257
CM,2008,22.4412559637758,19.570418,4.19999980926514
CN,2005,3569.8531448264303,1303.72,4.09999990463257
CN,2006,4023.9198666521,1311.02,4
CN,2007,4596.57951712051,1317.885,3.79999995231628
CN,2008,5040.34660494495,1324.655,4.40000009536743
CO,2005,229.936852450343,43.285636,12
CO,2006,245.336908226293,43.835744,11.6999998092651
CO,2007,262.266694764289,44.374647,11.1999998092651
CO,2008,271.568782707966,44.90166,11.1000003814697
CR,2005,29.5396528948114,4.247843,6.59999990463257
CR,2006,31.677654043115798,4.30879,5.90000009536743
CR,2007,34.265051917216596,4.369465,4.59999990463257
CR,2008,35.858239321307096,4.429506,4.90000009536743
CU,2005,49.483699921906194,11.261052,1.89999997615814
CU,2006,55.45430710707701,11.275199,1.89999997615814
CU,2007,59.4814748805381,11.284043,1.79999995231628
CU,2008,61.9302249285733,11.290239,1.60000002384186
CV,2005,1.252563797499,0.474224,9.60000038146973
CV,2006,1.3525653652813598,0.478265,9.5
CV,2007,1.5577588368993298,0.481278,9.39999961853027
CV,2008,1.66135790768814,0.483824,9.39999961853027
CW,2005,NA,0.137658,NA
CW,2006,NA,0.141239,NA
CW,2007,NA,0.144056,NA
CW,2008,NA,0.14588,NA
CY,2005,22.574052490854598,1.032586,5.30000019073486
CY,2006,23.592183640877998,1.048293,4.5
CY,2007,24.7294945245176,1.06304,3.90000009536743
CY,2008,25.6850337993294,1.07701,3.59999990463257
CZ,2005,183.582151290953,10.211216,7.90000009536743
CZ,2006,196.206259195845,10.238905,7.09999990463257
CZ,2007,207.055025839996,10.298828,5.30000019073486
CZ,2008,212.668195598561,10.384603,4.40000009536743
DE,2005,3213.96878145695,82.469422,11.1000003814697
DE,2006,3332.89075496689,82.376451,10.3000001907349
DE,2007,3441.56083443709,82.266372,8.60000038146973
DE,2008,3478.80937748344,82.110097,7.5
DJ,2005,0.8910163294323811,0.778406,NA
DJ,2006,0.933783907546106,0.788941,NA
DJ,2007,0.9814074600561921,0.799309,NA
DJ,2008,1.0383287258753,0.809639,NA
DK,2005,319.11754769652003,5.419432,4.80000019073486
DK,2006,331.233619601358,5.437272,3.90000009536743
DK,2007,333.964367632154,5.461438,3.79999995231628
DK,2008,331.566650664106,5.493621,3.40000009536743
DM,2005,0.42338780882532195,0.070542,NA
DM,2006,0.43579174853700103,0.07069,NA
DM,2007,0.463338169769905,0.070795,NA
DM,2008,0.496331284969603,0.070881,NA
DO,2005,39.7389463008362,9.237565,18
DO,2006,43.979550792651295,9.371333,16.3999996185303
DO,2007,47.8103517941464,9.504336,15.6999998092651
DO,2008,49.3448270724557,9.636491,14.1999998092651
DZ,2005,142.229508279798,33.267887,15.3000001907349
DZ,2006,144.647409920555,33.749328,12.3000001907349
DZ,2007,149.565421857854,34.261971,13.8000001907349
DZ,2008,153.154991982442,34.811059,11.3000001907349
EC,2005,58.8762856689747,13.735232,6.59999990463257
EC,2006,61.4689184716664,13.96749,6.30000019073486
EC,2007,62.8151271092433,14.205479,5
EC,2008,66.8083667760763,14.4476,6
EE,2005,19.890940397351002,1.354775,7.90000009536743
EE,2006,21.934119205298,1.34681,5.90000009536743
EE,2007,23.6336158940397,1.34068,4.69999980926514
EE,2008,22.352794701986802,1.33709,5.5
EG,2005,162.212626119905,74.942115,11.1999998092651
EG,2006,173.312772191837,76.274285,10.6000003814697
EG,2007,185.597209140304,77.605327,8.89999961853027
EG,2008,198.871216255072,78.976122,8.69999980926514
ER,2005,2.20076754494132,4.191273,7.5
ER,2006,2.17943733332658,4.30444,7.5
ER,2007,2.21053402598508,4.406299,7.40000009536743
ER,2008,1.9942768182364299,4.500638,7.5
ES,2005,1358.1324503311298,43.653155,9.30000019073486
ES,2006,1414.82251655629,44.397319,8.60000038146973
ES,2007,1468.14569536424,45.226803,8.39999961853027
ES,2008,1484.5298013245,45.954106,11.5
ET,2005,17.860775923361597,76.608431,5.40000009536743
ET,2006,19.7959422475789,78.735675,5.30000019073486
ET,2007,22.0637984497811,80.891968,5.30000019073486
ET,2008,24.444156129287,83.079608,5.19999980926514
FI,2005,237.941721854305,5.246096,8.39999961853027
FI,2006,247.59072847682103,5.266268,7.59999990463257
FI,2007,260.427814569536,5.28872,6.80000019073486
FI,2008,262.304635761589,5.313399,6.30000019073486
FJ,2005,3.03173827588937,0.82182,4.59999990463257
FJ,2006,3.08790069598078,0.82739,6.5
FJ,2007,3.06163335719555,0.834729,8.60000038146973
FJ,2008,3.0932537315226596,0.843206,9
FM,2005,0.298207854082906,0.106198,NA
FM,2006,0.297720587143863,0.10568,NA
FM,2007,0.291588505129794,0.10508,NA
FM,2008,0.28412487695172,0.104472,NA
FO,2005,NA,0.048337,NA
FO,2006,NA,0.048505,NA
FO,2007,NA,0.048599,NA
FO,2008,NA,0.048629,NA
FR,2005,2547.3417218543,63.179356,8.89999961853027
FR,2006,2607.83973509934,63.621376,8.80000019073486
FR,2007,2669.4238410596,64.016229,8
FR,2008,2674.63708609271,64.37499,7.40000009536743
GA,2005,13.6013381897726,1.377777,20.8999996185303
GA,2006,13.1069788603736,1.40892,21
GA,2007,13.8486965529606,1.440902,21.1000003814697
GA,2008,13.390522031744899,1.473741,21.2000007629395
GB,2005,2385.3166039864,60.401206,4.80000019073486
GB,2006,2445.02128275649,60.84682,5.5
GB,2007,2507.5116039863997,61.322463,5.40000009536743
GB,2008,2491.78436078492,61.806995,5.40000009536743
GD,2005,0.80684756079538,0.102951,NA
GD,2006,0.774430775474869,0.103259,NA
GD,2007,0.8220627849950629,0.103587,NA
GD,2008,0.829864579657853,0.103934,NA
GE,2005,9.05391828674546,4.19,13.8000001907349
GE,2006,9.903472455262051,4.136,13.6000003814697
GE,2007,11.1259570832467,4.082,13.3000001907349
GE,2008,11.3834170071232,4.03,16.5
GH,2005,23.4693363727469,21.389514,3.79999995231628
GH,2006,24.971353345820802,21.951891,3.59999990463257
GH,2007,26.056812915850102,22.528041,2.79999995231628
GH,2008,28.4409589478913,23.115919,4.30000019073486
GI,2005,NA,0.02908,NA
GI,2006,NA,0.029437,NA
GI,2007,NA,0.02977,NA
GI,2008,NA,0.030089,NA
GL,2005,NA,0.056935,NA
GL,2006,NA,0.056774,NA
GL,2007,NA,0.056555,NA
GL,2008,NA,0.056328,NA
GM,2005,0.7580125418000521,1.440542,7.19999980926514
GM,2006,0.766533358521271,1.487731,7.09999990463257
GM,2007,0.79436638048455,1.536424,7.09999990463257
GM,2008,0.8399204481433721,1.586749,7.09999990463257
GN,2005,4.25688757970004,9.669023,2
GN,2006,4.3631705080501,9.898301,2
GN,2007,4.439861186002,10.152521,2
GN,2008,4.65905414511409,10.427356,2
GQ,2005,12.0728802646495,0.625866,6.80000019073486
GQ,2006,13.0030857416938,0.645718,6.90000009536743
GQ,2007,14.9902321177878,0.665798,6.80000019073486
GQ,2008,17.658359891779998,0.686223,6.80000019073486
GR,2005,304.350353112583,10.987314,9.80000019073486
GR,2006,321.553555099338,11.020362,8.89999961853027
GR,2007,332.080404503311,11.048473,8.30000019073486
GR,2008,330.967362119205,11.077841,7.69999980926514
GT,2005,34.550949806251,13.183505,2.40000009536743
GT,2006,36.4097137757461,13.490041,1.79999995231628
GT,2007,38.705002717411595,13.797629,2.5
GT,2008,39.9749447491811,14.106687,2.79999995231628
GU,2005,NA,0.158401,NA
GU,2006,NA,0.158429,NA
GU,2007,NA,0.158332,NA
GU,2008,NA,0.15831,NA
GW,2005,0.719829967078461,1.462784,6.80000019073486
GW,2006,0.7364562406384421,1.494603,6.90000009536743
GW,2007,0.760060013979463,1.527342,6.80000019073486
GW,2008,0.784438005598301,1.561293,6.80000019073486
GY,2005,1.82608823543381,0.742495,12.6000003814697
GY,2006,1.9197594283873,0.743705,11.1999998092651
GY,2007,2.05453255800142,0.745638,10.8000001907349
GY,2008,2.09514341488214,0.748096,11.8000001907349
HK,2005,188.649168980875,6.8132,5.59999990463257
HK,2006,201.916073446799,6.8571,4.80000019073486
HK,2007,214.969458081786,6.9163,4
HK,2008,219.54385484504098,6.9578,3.59999990463257
HN,2005,13.1765219713923,6.880181,4.19999980926514
HN,2006,14.0418562609069,7.007029,3.09999990463257
HN,2007,14.9108122666208,7.133737,2.90000009536743
HN,2008,15.5417782149109,7.25947,3.09999990463257
HR,2005,58.2991303715024,4.442,12.6000003814697
HR,2006,61.088814230615306,4.44,11.1000003814697
HR,2007,64.23489120547251,4.436,9.60000038146973
HR,2008,65.5538683004039,4.434508,8.39999961853027
HT,2005,6.37973266560388,9.263409,7.40000009536743
HT,2006,6.5232270101357805,9.409479,7.30000019073486
HT,2007,6.741316689841191,9.556958,7.19999980926514
HT,2008,6.79820964976433,9.70513,7.40000009536743
HU,2005,131.565062988843,10.087065,7.19999980926514
HU,2006,136.637877354044,10.07137,7.5
HU,2007,137.250490809849,10.05578,7.40000009536743
HU,2008,138.470928385592,10.038188,7.80000019073486
ID,2005,571.2049544346579,226.254703,11.1999998092651
ID,2006,602.626663572802,229.26398,10.3000001907349
ID,2007,640.863459320349,232.29683,9.10000038146973
ID,2008,679.4030882451669,235.360765,8.39999961853027
IE,2005,216.333522251656,4.159914,4.30000019073486
IE,2006,229.023923576159,4.273591,4.40000009536743
IE,2007,237.719122516556,4.398942,4.59999990463257
IE,2008,227.32252052980098,4.489544,6
IL,2005,189.026703647032,6.9301,9
IL,2006,199.99367074788,7.0537,8.39999961853027
IL,2007,212.26344043608802,7.1801,7.30000019073486
IL,2008,218.75744309354198,7.3088,6.09999990463257
IM,2005,3.81541467212404,0.080345,NA
IM,2006,4.1092016590485,0.08111,NA
IM,2007,4.4156274995648,0.081914,NA
IM,2008,4.85050778987794,0.082737,NA
IN,2005,1123.3724567423799,1144.326293,4.40000009536743
IN,2006,1227.4412194046201,1162.088305,4.30000019073486
IN,2007,1333.10187091404,1179.685631,3.70000004768372
IN,2008,1384.97229230954,1197.070109,4.09999990463257
IQ,2005,104.18798472099,27.017712,18
IQ,2006,114.77160814941499,27.716983,17.5
IQ,2007,116.35269969720599,28.423538,16.8999996185303
IQ,2008,125.926324446493,29.163327,15.3000001907349
IR,2005,368.530410531603,70.122115,12.1000003814697
IR,2006,389.55231354127,70.923164,11.6000003814697
IR,2007,425.06455441908696,71.720859,10.6000003814697
IR,2008,428.990857822095,72.530693,10.5
IS,2005,12.440092240952,0.296734,2.59999990463257
IS,2006,12.9633685825961,0.303782,3
IS,2007,14.1939695357889,0.311566,2.29999995231628
IS,2008,14.4038673481575,0.317414,3
IT,2005,2158.85043774834,57.969484,7.69999980926514
IT,2006,2202.16966357616,58.143979,6.80000019073486
IT,2007,2234.62681470199,58.43831,6.09999990463257
IT,2008,2211.15417655629,58.826731,6.69999980926514
JM,2005,13.5188576460902,2.643601,10.8999996185303
JM,2006,13.910786275082799,2.653042,9.60000038146973
JM,2007,14.109982340678801,2.662481,9.39999961853027
JM,2008,13.9953030462447,2.671934,10.6000003814697
JO,2005,19.524434981114897,5.332982,14.8999996185303
JO,2006,21.1046121615294,5.530218,14
JO,2007,22.830065952603,5.759424,13.1000003814697
JO,2008,24.4812295786302,6.010035,12.6999998092651
JP,2005,5405.03937632192,127.773,4.40000009536743
JP,2006,5496.541517363309,127.854,4.09999990463257
JP,2007,5617.03594377073,128.001,3.90000009536743
JP,2008,5558.52687331382,128.063,4
KE,2005,31.3231800822313,35.34904,9.5
KE,2006,33.3505711272017,36.286015,9.5
KE,2007,35.6353286320885,37.25054,9.39999961853027
KE,2008,35.7181033518622,38.244442,9.39999961853027
KG,2005,3.85938225251029,5.1626,8.10000038146973
KG,2006,3.9791349739144,5.2184,8.30000019073486
KG,2007,4.31906749668377,5.2684,8.19999980926514
KG,2008,4.68193896069465,5.3187,8.19999980926514
KH,2005,8.13833562925166,13.320058,1.29999995231628
KH,2006,9.01492285347018,13.52536,0.899999976158142
KH,2007,9.935578323299431,13.7287,0.600000023841858
KH,2008,10.6004252443636,13.93366,0.300000011920929
KI,2005,0.157331547133334,0.092329,NA
KI,2006,0.154844134301106,0.094257,NA
KI,2007,0.15825406835475297,0.09631,NA
KI,2008,0.155330423724646,0.098437,NA
KM,2005,0.490117180091071,0.618632,6.59999990463257
KM,2006,0.503090091083543,0.633814,6.59999990463257
KM,2007,0.507115580528921,0.649404,6.59999990463257
KM,2008,0.509145396115511,0.665414,6.59999990463257
KN,2005,0.661800797996189,0.049139,NA
KN,2006,0.700749201345177,0.049818,NA
KN,2007,0.699673794613523,0.050465,NA
KN,2008,0.743696676570117,0.051093,NA
KP,2005,NA,23.813324,4.19999980926514
KP,2006,NA,23.969897,4.19999980926514
KP,2007,NA,24.111945,4.09999990463257
KP,2008,NA,24.243829,4.19999980926514
KR,2005,894.7084972159771,48.138077,3.70000004768372
KR,2006,941.019807778309,48.371946,3.40000009536743
KR,2007,992.4315412422011,48.597652,3.20000004768372
KR,2008,1020.50955788665,48.948698,3.20000004768372
KW,2005,108.93145568736901,2.263604,2
KW,2006,117.123372644801,2.389498,1.29999995231628
KW,2007,124.14100837404,2.538591,1.5
KW,2008,127.219511514306,2.70529,1.79999995231628
KY,2005,NA,0.048623,NA
KY,2006,NA,0.050028,NA
KY,2007,NA,0.05148,NA
KY,2008,NA,0.052925,NA
KZ,2005,109.48246734000999,15.147029,8.10000038146973
KZ,2006,121.197091345391,15.308084,7.80000019073486
KZ,2007,131.98363247512398,15.484192,7.30000019073486
KZ,2008,136.339092347081,15.674,6.59999990463257
LA,2005,4.848156050125921,5.745012,1.39999997615814
LA,2006,5.26603152629193,5.838837,1.39999997615814
LA,2007,5.66608292592788,5.939634,1.39999997615814
LA,2008,6.10944840532773,6.045439,1.39999997615814
LB,2005,26.3383084577114,3.986865,8.19999980926514
LB,2006,26.748258706467702,4.057041,8.39999961853027
LB,2007,29.249087893863997,4.085426,9
LB,2008,31.918407960199,4.109389,7.19999980926514
LC,2005,1.1265617126290701,0.165407,NA
LC,2006,1.2191948091401,0.167656,NA
LC,2007,1.2170548728051,0.170146,NA
LC,2008,1.2678943164821999,0.172729,NA
LI,2005,NA,0.034852,NA
LI,2006,NA,0.035141,NA
LI,2007,NA,0.035431,NA
LI,2008,NA,0.035721,NA
LK,2005,41.633334150860804,19.373,7.69999980926514
LK,2006,44.8258997412981,19.52,6.5
LK,2007,47.8726382029726,19.668,6
LK,2008,50.721102373424,19.817,5.19999980926514
LR,2005,0.9124798731442221,3.269786,4.90000009536743
LR,2006,0.985872107763442,3.384804,4.09999990463257
LR,2007,1.07987395695073,3.522337,5.59999990463257
LR,2008,1.15705189300929,3.672782,5.09999990463257
LS,2005,1.89937068618547,1.925844,36.4000015258789
LS,2006,1.98217898695596,1.940345,32.5
LS,2007,2.06466499092879,1.955656,26.3999996185303
LS,2008,2.2036690552670897,1.972194,25.2999992370605
LT,2005,35.0238647323794,3.322528,8.30000019073486
LT,2006,37.617887784843695,3.269909,5.59999990463257
LT,2007,41.788565845257004,3.231294,4.30000019073486
LT,2008,42.8868019342872,3.198231,5.80000019073486
LU,2005,46.3418543046358,0.465158,4.5
LU,2006,48.7101986754967,0.472637,4.69999980926514
LU,2007,52.7997350993377,0.479993,4.09999990463257
LU,2008,52.354569536423796,0.48865,5.09999990463257
LV,2005,24.315402755696898,2.238799,8.89999961853027
LV,2006,27.2063553259142,2.218357,6.80000019073486
LV,2007,29.913222045575,2.200325,6
LV,2008,28.8336791202968,2.177322,7.40000009536743
LY,2005,61.7140490451692,5.801543,19.5
LY,2006,65.7257999490192,5.907149,19.2999992370605
LY,2007,69.9009111089382,6.017794,19.1000003814697
LY,2008,71.76541710849581,6.123022,18.7999992370605
MA,2005,73.0140760045985,30.385479,11
MA,2006,78.5446233106445,30.691434,9.69999980926514
MA,2007,81.3187517990351,31.011322,9.80000019073486
MA,2008,86.13522123645039,31.350544,9.60000038146973
MC,2005,NA,0.033808,NA
MC,2006,NA,0.034384,NA
MC,2007,NA,0.035046,NA
MC,2008,NA,0.035731,NA
MD,2005,4.96091088153213,3.595187,7.30000019073486
MD,2006,5.19903459733391,3.585209,7.40000009536743
MD,2007,5.3550056455935495,3.57691,5.09999990463257
MD,2008,5.77269609131765,3.570108,4
ME,2005,3.33323240958066,0.614261,19.5
ME,2006,3.6187651905710903,0.615025,18.2000007629395
ME,2007,4.00444956292022,0.615875,19.3999996185303
ME,2008,4.28166157560172,0.616969,16.7999992370605
MF,2005,NA,0.027906,NA
MF,2006,NA,0.028414,NA
MF,2007,NA,0.028905,NA
MF,2008,NA,0.029376,NA
MG,2005,7.588974026877961,18.290394,2.59999990463257
MG,2006,7.97013836775655,18.826129,3.90000009536743
MG,2007,8.4675211052625,19.371031,4.09999990463257
MG,2008,9.071129493653249,19.926798,4.30000019073486
MH,2005,0.15168420452210998,0.052058,NA
MH,2006,0.154601864559759,0.05208,NA
MH,2007,0.16009746766170202,0.052136,NA
MH,2008,0.157478477168019,0.052221,NA
MK,2005,7.73639674921033,2.042894,37.2999992370605
MK,2006,8.13381739681345,2.04733,36
MK,2007,8.66035899701112,2.051427,34.9000015258789
MK,2008,9.13422887994995,2.055266,33.7999992370605
ML,2005,8.52727341425,12.881384,8.5
ML,2006,8.924830836573731,13.309942,8.30000019073486
ML,2007,9.236630227001418,13.759226,8.5
ML,2008,9.67752993879202,14.223403,8.39999961853027
MM,2005,29.275358077567798,49.984704,3.40000009536743
MM,2006,33.1034335790849,50.355559,3.40000009536743
MM,2007,37.0730103788498,50.698814,3.29999995231628
MM,2008,40.8749608115854,51.030006,3.5
MN,2005,5.25276515297931,2.526447,6.90000009536743
MN,2006,5.7022040734079,2.558484,5.90000009536743
MN,2007,6.28656687973681,2.592776,7.19999980926514
MN,2008,6.846094463212459,2.629666,5.59999990463257
MO,2005,16.5257323360536,0.468149,4.19999980926514
MO,2006,18.7259963920697,0.479728,3.70000004768372
MO,2007,21.4314440707025,0.493022,3
MO,2008,22.158776481721002,0.507274,3
MP,2005,NA,0.064372,NA
MP,2006,NA,0.062235,NA
MP,2007,NA,0.059791,NA
MP,2008,NA,0.057343,NA
MR,2005,3.38659552272714,3.154087,32.0999984741211
MR,2006,4.02561559603959,3.241762,31.7999992370605
MR,2007,4.13905087261895,3.328285,31.3999996185303
MR,2008,4.18375126306351,3.414552,31.2000007629395
MT,2005,7.9091390728476805,0.403834,7.30000019073486
MT,2006,8.05377483443709,0.405308,6.90000009536743
MT,2007,8.37483443708609,0.406724,6.5
MT,2008,8.655099337748341,0.409379,6
MU,2005,7.67068814461197,1.228254,9.60000038146973
MU,2006,8.32563110621805,1.233996,9.10000038146973
MU,2007,8.8024413440254,1.23963,8.5
MU,2008,9.27662556338438,1.244121,7.19999980926514
MV,2005,1.53872451052075,0.321,13.5
MV,2006,1.84474730715336,0.333,14.3999996185303
MV,2007,2.0323947456969,0.349,12.6000003814697
MV,2008,2.28993484324323,0.362,12.6000003814697
MW,2005,4.86527101919017,12.747846,7.90000009536743
MW,2006,5.0939387570921095,13.112383,7.80000019073486
MW,2007,5.58295687760198,13.498377,7.5
MW,2008,6.009480087262499,13.904671,7.5
MX,2005,955.4845153655721,109.747906,3.5
MX,2006,1002.7285843233101,111.382857,3.20000004768372
MX,2007,1034.85724168887,113.139374,3.40000009536743
MX,2008,1049.3482479899,114.972821,3.5
MY,2005,204.861809506069,25.796124,3.5
MY,2006,216.303028282264,26.263048,3.29999995231628
MY,2007,236.695353388594,26.730607,3.20000004768372
MY,2008,244.55267874328698,27.197419,3.29999995231628
MZ,2005,7.09568768410245,21.126676,22.6000003814697
MZ,2006,7.79468781346585,21.73786,22.6000003814697
MZ,2007,8.37352608451733,22.359637,22.6000003814697
MZ,2008,8.949306941236669,22.994867,22.6000003814697
NC,2005,NA,0.231,NA
NC,2006,NA,0.235,NA
NC,2007,NA,0.238,NA
NC,2008,NA,0.242,NA
NE,2005,4.44413175065835,13.485436,5.09999990463257
NE,2006,4.70189139226459,13.99553,5.09999990463257
NE,2007,4.8498397148467305,14.527631,5.09999990463257
NE,2008,5.314826497890119,15.08513,5.09999990463257
NG,2005,260.515639753024,139.611303,7.59999990463257
NG,2006,281.906487385062,143.318011,7.59999990463257
NG,2007,301.15618531251204,147.152502,7.59999990463257
NG,2008,320.039472272419,151.115683,7.59999990463257
NI,2005,7.7237423175211,5.379327,5.59999990463257
NI,2006,8.04443747121697,5.450217,5.30000019073486
NI,2007,8.46980869892786,5.522119,5
NI,2008,8.71134315974096,5.594524,6.19999980926514
NL,2005,785.156189668874,16.319868,4.69999980926514
NL,2006,812.782985562914,16.346101,3.90000009536743
NL,2007,842.843545695364,16.381696,3.20000004768372
NL,2008,857.163969801324,16.445593,2.79999995231628
NO,2005,409.249496227789,4.623291,4.59999990463257
NO,2006,419.051400086033,4.660677,3.40000009536743
NO,2007,431.32862570729,4.709153,2.5
NO,2008,432.986247675457,4.768212,2.59999990463257
NP,2005,12.8775630747127,25.506847,2.29999995231628
NP,2006,13.3108434662677,25.794344,2.29999995231628
NP,2007,13.764950914322501,26.063619,2.29999995231628
NP,2008,14.605251495759001,26.325183,2.70000004768372
NR,2005,NA,0.010115,NA
NR,2006,NA,0.010101,NA
NR,2007,0.0296943916187208,0.010075,NA
NR,2008,0.039915002043948704,0.010047,NA
NZ,2005,139.13965167891598,4.1339,3.79999995231628
NZ,2006,143.21084428592002,4.1846,3.90000009536743
NZ,2007,147.313302204929,4.2238,3.70000004768372
NZ,2008,145.384529110823,4.2598,4.19999980926514
OM,2005,44.2785435630689,2.506891,7.80000019073486
OM,2006,46.657217165149596,2.553376,7.80000019073486
OM,2007,48.7347204161248,2.59375,7.80000019073486
OM,2008,52.730819245773695,2.652281,7.69999980926514
PA,2005,20.3631997775101,3.319301,9.80000019073486
PA,2006,22.125118633569098,3.3786,8.69999980926514
PA,2007,24.7765896275885,3.438398,6.40000009536743
PA,2008,26.9102618218077,3.498679,5.59999990463257
PE,2005,105.759349460648,27.610406,5.19999980926514
PE,2006,113.721864111195,27.949958,4.59999990463257
PE,2007,123.40913347442999,28.292768,4.5
PE,2008,134.672152331219,28.642048,4.5
PF,2005,NA,0.254884,NA
PF,2006,NA,0.257731,NA
PF,2007,NA,0.260361,NA
PF,2008,NA,0.262877,NA
PG,2005,7.27514224435009,6.086905,2.70000004768372
PG,2006,7.44206792059232,6.236158,2.70000004768372
PG,2007,7.9743069388280405,6.38747,2.5
PG,2008,8.50148504722317,6.540267,2.5
PH,2005,156.873781583381,86.141373,7.69999980926514
PH,2006,165.09860028516002,87.592899,8
PH,2007,176.022627371775,88.965508,7.40000009536743
PH,2008,183.33241960764897,90.297115,7.30000019073486
PK,2005,149.99071105544002,153.356383,7.09999990463257
PK,2006,159.256450281251,156.524189,6.09999990463257
PK,2007,166.95302352545198,159.767672,5.09999990463257
PK,2008,169.79357139245099,163.096985,5
PL,2005,379.768034159122,38.165445,17.7000007629395
PL,2006,403.236194740158,38.141267,13.8000001907349
PL,2007,431.603062580838,38.12056,9.60000038146973
PL,2008,449.944661824694,38.125759,7.09999990463257
PR,2005,109.961173419679,3.821362,11.5
PR,2006,108.98299269478,3.805214,11.1999998092651
PR,2007,105.358543360196,3.782995,11.1000003814697
PR,2008,103.463345089928,3.760866,11.8000001907349
PS,2005,8.401787922264049,3.320396,26
PS,2006,8.01667488241662,3.406334,23.6000003814697
PS,2007,7.8782265949286,3.494496,21.6000003814697
PS,2008,7.2014730890575,3.596688,26
PT,2005,231.13743218543,10.50333,7.59999990463257
PT,2006,234.727118278146,10.522288,7.69999980926514
PT,2007,240.57652384106,10.542964,8
PT,2008,241.055926092715,10.558177,7.59999990463257
PW,2005,0.21325654261704702,0.019907,NA
PW,2006,0.207409363745498,0.020012,NA
PW,2007,0.207299039615846,0.020118,NA
PW,2008,0.195715006002401,0.020227,NA
PY,2005,15.6940509601953,5.795493,5.80000019073486
PY,2006,16.4484828637657,5.882797,6.69999980926514
PY,2007,17.340257505535302,5.96616,5.59999990463257
PY,2008,18.4429447718053,6.047131,5.59999990463257
QA,2005,53.352370952933796,0.836924,1.10000002384186
QA,2006,67.3148175165063,0.988448,0.899999976158142
QA,2007,79.4218295497028,1.178955,0.5
QA,2008,93.45054919418469,1.388962,0.300000011920929
RO,2005,145.503043703582,21.319685,7.19999980926514
RO,2006,157.224128902687,21.19376,7.30000019073486
RO,2007,168.015611656501,20.882982,6.40000009536743
RO,2008,182.2280253983,20.537875,5.80000019073486
RS,2005,34.5964229520809,7.440769,20.7999992370605
RS,2006,36.2931522252341,7.411569,20.7999992370605
RS,2007,38.4303688846748,7.381579,18.1000003814697
RS,2008,40.4928051213899,7.350222,13.6000003814697
RU,2005,1281.3198335803202,143.518523,7.09999990463257
RU,2006,1385.7913745663602,143.049528,7.09999990463257
RU,2007,1504.0697799203,142.805088,6
RU,2008,1583.00266306289,142.74235,6.19999980926514
RW,2005,3.8240683477316297,9.00823,0.600000023841858
RW,2006,4.17723136689113,9.231041,0.600000023841858
RW,2007,4.49523788640579,9.481083,0.600000023841858
RW,2008,4.99701701770029,9.750314,0.600000023841858
SA,2005,407.004266666667,24.74523,5.90000009536743
SA,2006,429.701866666667,25.419994,6.30000019073486
SA,2007,455.450933333333,26.083522,5.69999980926514
SA,2008,493.832533333333,26.742842,5.09999990463257
SB,2005,0.536488836756351,0.469306,3.59999990463257
SB,2006,0.573756838525823,0.480716,3.79999995231628
SB,2007,0.615755846356497,0.492075,3.79999995231628
SB,2008,0.6594406149676,0.50341,3.70000004768372
SC,2005,0.783031253312258,0.0829,NA
SC,2006,0.856684174335502,0.0846,NA
SC,2007,0.9459629682345131,0.085033,NA
SC,2008,0.925654158746992,0.086956,NA
SD,2005,46.433219017498104,31.990003,14.6999998092651
SD,2006,51.1064011945342,32.809056,14.8000001907349
SD,2007,56.994834761462094,33.63796,14.6999998092651
SD,2008,61.441550872049795,34.470138,14.8000001907349
SE,2005,451.445577523413,9.029572,7.80000019073486
SE,2006,472.60992022199105,9.080505,7.09999990463257
SE,2007,488.702046479362,9.148092,6.19999980926514
SE,2008,485.979743322927,9.219637,6.30000019073486
SG,2005,170.716905023836,4.265762,4.09999990463257
SG,2006,185.842757609094,4.401365,3.59999990463257
SG,2007,202.77587092042498,4.588599,3
SG,2008,206.40073340667402,4.839396,3.20000004768372
SI,2005,44.0719264900662,2.000474,6.5
SI,2006,46.5646343046358,2.006868,6
SI,2007,49.796986225165604,2.018122,4.80000019073486
SI,2008,51.440351655629094,2.021316,4.40000009536743
SK,2005,70.9804529801324,5.372807,16.2000007629395
SK,2006,76.9803509933775,5.373054,13.3000001907349
SK,2007,85.2939033112583,5.374622,11
SK,2008,90.095761589404,5.379233,9.60000038146973
SL,2005,1.97446158743227,5.071271,3.40000009536743
SL,2006,2.08356703951583,5.243214,3.40000009536743
SL,2007,2.25146757156044,5.391108,3.40000009536743
SL,2008,2.37303954236763,5.521838,3.40000009536743
SM,2005,NA,0.029242,NA
SM,2006,NA,0.029568,NA
SM,2007,NA,0.029874,NA
SM,2008,NA,0.03016,NA
SN,2005,10.8563510512802,11.268994,9.19999980926514
SN,2006,11.123587759373699,11.578430000000001,10
SN,2007,11.672924481581699,11.89723,8.80000019073486
SN,2008,12.102782774212798,12.229703,9.39999961853027
SO,2005,NA,8.466938,6.90000009536743
SO,2006,NA,8.686939,6.90000009536743
SO,2007,NA,8.909015,6.90000009536743
SO,2008,NA,9.132589,6.90000009536743
SR,2005,3.54758143452833,0.491999,6.30000019073486
SR,2006,3.68388438831941,0.495953,10.3999996185303
SR,2007,3.87218568969132,0.500953,6.5
SR,2008,4.0326260842276005,0.506657,5.80000019073486
SS,2005,NA,8.099908,NA
SS,2006,NA,8.445659,NA
SS,2007,NA,8.815495,NA
SS,2008,14.192832075077298,9.208598,NA
ST,2005,0.148265553162678,0.153146,NA
ST,2006,0.16178091693938199,0.156584,NA
ST,2007,0.16704462879941498,0.160064,NA
ST,2008,0.180719189126982,0.163595,NA
SV,2005,19.9615440954165,5.947206,7.19999980926514
SV,2006,20.742429449096502,5.967556,6.59999990463257
SV,2007,21.538890031952402,5.986414,6.30000019073486
SV,2008,21.8133444490965,6.004199,5.90000009536743
SX,2005,NA,0.036934,NA
SX,2006,NA,0.03827,NA
SX,2007,NA,0.039462,NA
SX,2008,NA,0.040458,NA
SY,2005,NA,18.132842,9.19999980926514
SY,2006,NA,18.7282,8.19999980926514
SY,2007,NA,19.425597,8.39999961853027
SY,2008,NA,20.097057,10.8999996185303
SZ,2005,3.79647790718457,1.104642,22.8999996185303
SZ,2006,3.98912911058538,1.118204,22.8999996185303
SZ,2007,4.15084229852612,1.134853,23
SZ,2008,4.33445118422263,1.15375,23
TC,2005,NA,0.02645,NA
TC,2006,NA,0.027642,NA
TC,2007,NA,0.028638,NA
TC,2008,NA,0.029481,NA
TD,2005,8.40792103468586,10.067932,7
TD,2006,8.46242639292879,10.423616,7.09999990463257
TD,2007,8.73927463673703,10.779504,7.09999990463257
TD,2008,9.00605773352815,11.13974,7.09999990463257
TG,2005,2.70905215260689,5.578219,7.09999990463257
TG,2006,2.81883412181118,5.732175,7.09999990463257
TG,2007,2.88339821758234,5.890414,7.09999990463257
TG,2008,2.94756767493768,6.052937,7.09999990463257
TH,2005,283.77056533311105,65.863973,1.29999995231628
TH,2006,297.868050989676,66.174486,1.20000004768372
TH,2007,314.057455297115,66.353572,1.20000004768372
TH,2008,319.477044016926,66.453255,1.20000004768372
TJ,2005,4.1008687840261,6.805655,11.8000001907349
TJ,2006,4.38792967660756,6.949566,11.8000001907349
TJ,2007,4.73018825037713,7.099021,11.6999998092651
TJ,2008,5.10387301956461,7.254072,11.3000001907349
TL,2005,0.63,0.979201,7.19999980926514
TL,2006,0.594,0.996052,6.5
TL,2007,0.662,1.013194,6.69999980926514
TL,2008,0.756,1.03063,5.90000009536743
TM,2005,13.7890416009069,4.747839,11.1000003814697
TM,2006,15.301298963195,4.801594,11
TM,2007,16.993515438403602,4.858235,11
TM,2008,19.4915622078489,4.917541,11.1000003814697
TN,2005,35.2795435936845,10.029,14.1999998092651
TN,2006,37.1296717199944,10.1279,12.5
TN,2007,39.6209317451446,10.2251,12.3999996185303
TN,2008,41.299978412742796,10.3289,12.3999996185303
TO,2005,0.355790426443174,0.100858,NA
TO,2006,0.352900617920528,0.101507,NA
TO,2007,0.338199569657,0.102169,NA
TO,2008,0.348665521603029,0.102816,NA
TR,2005,624.904195440393,67.860617,10.6000003814697
TR,2006,667.9818995222679,68.704721,10.1999998092651
TR,2007,699.1671615041639,69.515492,10.3000001907349
TR,2008,703.773547723808,70.344357,11
TT,2005,18.2936967329071,1.296933,8
TT,2006,20.7099387635846,1.303141,6.30000019073486
TT,2007,21.694528592530997,1.30926,5.5
TT,2008,22.430064525966802,1.315372,4.59999990463257
TV,2005,0.0291857272412158,0.009694,NA
TV,2006,0.0298099919476302,0.009732,NA
TV,2007,0.0317030948255095,0.009764,NA
TV,2008,0.034234035600248396,0.009788,NA
TZ,2005,23.3830207905415,39.0656,2.5
TZ,2006,24.4728030753726,40.260847,4.30000019073486
TZ,2007,26.544274428167597,41.522004,2
TZ,2008,28.021886853359902,42.844744,2.5
UA,2005,129.353087832048,47.10515,7.19999980926514
UA,2006,138.79586328695999,46.78775,6.80000019073486
UA,2007,149.760737549776,46.50935,6.40000009536743
UA,2008,153.205234500227,46.2582,6.40000009536743
UG,2005,13.7038144975263,28.042413,2
UG,2006,15.1817358622212,29.000925,3.59999990463257
UG,2007,16.4588881519091,29.991958,3
UG,2008,17.892251886791,31.014427,3.59999990463257
US,2005,14408.0938404,295.516599,5.19999980926514
US,2006,14792.303791800001,298.379912,4.69999980926514
US,2007,15055.3953048,301.231207,4.69999980926514
US,2008,15011.4905414,304.093966,5.90000009536743
UY,2005,30.1575954757126,3.325608,8.5
UY,2006,31.3936278569349,3.331041,10.6000003814697
UY,2007,33.4472454286876,3.33975,9.19999980926514
UY,2008,35.847468146116995,3.350832,7.59999990463257
UZ,2005,26.085046319804402,26.167,10.8999996185303
UZ,2006,27.9892547004723,26.48825,11
UZ,2007,30.7661117202779,26.868,11
UZ,2008,33.5350617751937,27.3028,11
VC,2005,0.636858589992606,0.108749,NA
VC,2006,0.6856521936892901,0.108908,NA
VC,2007,0.70240557968424,0.109049,NA
VC,2008,0.719976499117464,0.109165,NA
VE,2005,328.29059865072696,26.769115,11.3999996185303
VE,2006,360.699936058748,27.221228,9.30000019073486
VE,2007,392.27408922154495,27.670659,7.5
VE,2008,412.97774341686,28.116716,6.90000009536743
VG,2005,NA,0.023169,NA
VG,2006,NA,0.023908,NA
VG,2007,NA,0.024735,NA
VG,2008,NA,0.025604,NA
VI,2005,NA,0.107863,NA
VI,2006,NA,0.1077,NA
VI,2007,NA,0.107423,NA
VI,2008,NA,0.107091,NA
VN,2005,85.3518030304192,82.3921,2.09999990463257
VN,2006,91.30761327696699,83.3112,2.29999995231628
VN,2007,97.8173936597482,84.2185,2.29999995231628
VN,2008,103.355590690416,85.1187,2.40000009536743
VU,2005,0.549652584773368,0.209375,NA
VU,2006,0.596181554777833,0.214635,NA
VU,2007,0.627025086554647,0.219956,NA
VU,2008,0.667458933182145,0.225335,NA
WS,2005,0.62704285630429,0.179928,NA
WS,2006,0.6393881257951339,0.181072,NA
WS,2007,0.67981434646665,0.182238,NA
WS,2008,0.686674262333586,0.18344,NA
YE,2005,25.0021774605819,20.504385,16.1000003814697
YE,2006,25.7948488348019,21.093973,15.6999998092651
YE,2007,26.655991279524,21.701105,15.3000001907349
YE,2008,27.6282870793955,22.322699,15
ZA,2005,322.28537276676,47.270063,23.7999992370605
ZA,2006,340.285158963012,47.921682,22.6000003814697
ZA,2007,358.526056616402,48.596781,22.2999992370605
ZA,2008,369.96678043216997,49.296223,22.7000007629395
ZM,2005,13.350512763038099,12.043591,15.8999996185303
ZM,2006,14.4056965076665,12.381509,15.6000003814697
ZM,2007,15.6089231211329,12.738676,15.1999998092651
ZM,2008,16.8223445418915,13.114579,15.6000003814697
ZW,2005,10.423566818520001,12.984418,4.59999990463257
ZW,2006,10.0627555690217,13.127941999999999,5.09999990463257
ZW,2007,9.69513019850778,13.297798,5.09999990463257
ZW,2008,7.98210282116384,13.495462,5.69999980926514
NA,2005,9.05269094165474,2.027026,20.2000007629395
NA,2006,9.693003646969151,2.053915,21.7000007629395
NA,2007,10.334398853639,2.083174,19.3999996185303
NA,2008,10.6082409911714,2.115703,37.5999984741211
